{
    "accuracy": 0.5904650130051387,
    "precision": 0.5495073607252696,
    "recall": 0.5451253985978278,
    "f1": 0.5446194544574838,
    "roc_auc": 0.5215845492595395
}