{
    "accuracy": 0.880448856279672,
    "precision": 0.8953116698109576,
    "recall": 0.8827075039883109,
    "f1": 0.8797066367530619,
    "roc_auc": 0.9759996868989578,
    "val_accuracy": 0.9951842933876643,
    "val_precision": 0.9951894945512889,
    "val_recall": 0.995184601978785,
    "val_f1": 0.9951842828142734,
    "val_roc_auc": 0.9998286745433838
}