{
    "accuracy": 0.9026758739749676,
    "precision": 0.9053988394668128,
    "recall": 0.9036768871792578,
    "f1": 0.9026239572105905,
    "roc_auc": 0.9646488422716225,
    "val_accuracy": 0.9939803667345805,
    "val_precision": 0.9940081689741808,
    "val_recall": 0.9939810698063755,
    "val_f1": 0.9939802882077142,
    "val_roc_auc": 0.9997380888669329,
    "oob_score": 0.9927229524021682
}