{
    "accuracy": 0.7200406014083613,
    "precision": 0.7074885236262592,
    "recall": 0.718060558012356,
    "f1": 0.70969285375347,
    "roc_auc": 0.7810866983889688
}