{
    "accuracy": 0.7414832201992007,
    "precision": 0.7310467484809248,
    "recall": 0.6981978263127135,
    "f1": 0.7059287305296238,
    "roc_auc": 0.7857108124426275
}