{
    "accuracy": 0.7090020935101187,
    "precision": 0.6928466688070605,
    "recall": 0.6995994527351714,
    "f1": 0.6950904141379435,
    "roc_auc": 0.7593589404448224
}