{
    "accuracy": 0.640043138996384,
    "precision": 0.6005929137734582,
    "recall": 0.5655389469799755,
    "f1": 0.5545088519183972,
    "roc_auc": 0.650489230802751
}