{
    "accuracy": 0.6328744528325826,
    "precision": 0.5993212897297995,
    "recall": 0.5223966775275755,
    "f1": 0.4561273539591147,
    "roc_auc": 0.6456842880661342
}