{
    "accuracy": 0.6600900843748018,
    "precision": 0.6768465896201938,
    "recall": 0.6863579997514777,
    "f1": 0.6584779624105659,
    "roc_auc": 0.7038060638804676
}