{
    "accuracy": 0.8109624514458351,
    "precision": 0.872382851445663,
    "recall": 0.7383966244725738,
    "f1": 0.810374659369997,
    "roc_auc": 0.8960575360438938
}