{
    "accuracy": 0.7059252680327349,
    "precision": 0.6967722805856,
    "recall": 0.7086467507724745,
    "f1": 0.6974086756098159,
    "roc_auc": 0.7631115718087833
}