{
    "accuracy": 0.6464822686036922,
    "precision": 0.6544042040869452,
    "recall": 0.5387450099192986,
    "f1": 0.4821608624157883,
    "roc_auc": 0.6698574963143338
}