{
    "accuracy": 0.6742054177504282,
    "precision": 0.6496569292082666,
    "recall": 0.6139575673148825,
    "f1": 0.6144077897652256,
    "roc_auc": 0.6906507535592079
}