{
    "accuracy": 0.7037116961588261,
    "precision": 0.7702881438639639,
    "recall": 0.6978917863159935,
    "f1": 0.6803406882062135,
    "roc_auc": 0.8796037035380417
}