{
    "accuracy": 0.8088044885627967,
    "precision": 0.868421052631579,
    "recall": 0.7379746835443038,
    "f1": 0.8082463892226666,
    "roc_auc": 0.8104626067898197
}