{
    "accuracy": 0.8113940440224429,
    "precision": 0.8702970297029703,
    "recall": 0.7417721518987341,
    "f1": 0.810869685006645,
    "roc_auc": 0.8130238851366461
}