{
    "accuracy": 0.7552870090634441,
    "precision": 0.7285502958579881,
    "recall": 0.8312236286919831,
    "f1": 0.7530607100745871,
    "roc_auc": 0.7535093408477582
}