{
    "accuracy": 0.7162659392247669,
    "precision": 0.7059719258184336,
    "recall": 0.7178620817941876,
    "f1": 0.7073490955299664,
    "roc_auc": 0.7774722476769362
}