{
    "accuracy": 0.6607562012307302,
    "precision": 0.630485907634498,
    "recall": 0.6111525611047249,
    "f1": 0.6131337324618727,
    "roc_auc": 0.6902587818834481
}