{
    "accuracy": 0.8185153215364696,
    "precision": 0.8716577540106952,
    "recall": 0.7565400843881857,
    "f1": 0.8181524640794337,
    "roc_auc": 0.9004001356771182
}