{
    "accuracy": 0.6946012814819514,
    "precision": 0.6828814528211649,
    "recall": 0.630026517285678,
    "f1": 0.6310523810680284,
    "roc_auc": 0.724721351908204
}