{
    "accuracy": 0.6652604199708178,
    "precision": 0.6958760052282025,
    "recall": 0.5646341009298487,
    "f1": 0.5263018342561242,
    "roc_auc": 0.7282073213441684
}