{
    "accuracy": 0.6793267155804921,
    "precision": 0.7525714285714286,
    "recall": 0.5556962025316455,
    "f1": 0.6753322998468629,
    "roc_auc": 0.7394593043193034
}