{
    "accuracy": 0.7235649546827795,
    "precision": 0.7599045346062052,
    "recall": 0.6717299578059072,
    "f1": 0.7131019036954087
}