{
    "accuracy": 0.7058618283321703,
    "precision": 0.6934916533603396,
    "recall": 0.7036117776895316,
    "f1": 0.6952944619298054,
    "roc_auc": 0.7625721154719076
}