{
    "accuracy": 0.6866637893828226,
    "precision": 0.7541528239202658,
    "recall": 0.5746835443037974,
    "f1": 0.6835728345567986,
    "roc_auc": 0.7535542559377377
}